Date,Open,High,Low,Close,Volume,Dividends
2019-12-20,27.35,27.53,26.68,27.04,221290500,0
2019-12-23,27.45,28.13,27.33,27.95,199794000,0
2019-12-24,27.89,28.36,27.51,28.35,120820500,0
2019-12-26,28.53,28.9,28.42,28.73,159508500,0
2019-12-27,29.0,29.02,28.41,28.69,149185500,0
2019-12-30,28.59,28.6,27.28,27.65,188796000,0
2019-12-31,27.0,28.09,26.81,27.89,154285500,0
2020-01-02,28.3,28.71,28.11,28.68,142981500,0
2020-01-03,29.37,30.27,29.13,29.53,266677500,0
2020-01-06,29.36,30.1,29.33,30.1,151995000,0
2020-01-07,30.76,31.44,30.22,31.27,268231500,0
2020-01-08,31.58,33.23,31.22,32.81,467164500,0
2020-01-09,33.14,33.25,31.52,32.09,426606000,0
2020-01-10,32.12,32.33,31.58,31.88,194392500,0
2020-01-13,32.9,35.04,32.8,34.99,397764000,0
2020-01-14,36.28,36.49,34.99,35.86,434943000,0
2020-01-15,35.32,35.86,34.45,34.57,260532000,0
2020-01-16,32.92,34.3,32.81,34.23,326050500,0
2020-01-17,33.84,34.38,33.54,34.03,204436500,0
2020-01-21,35.35,36.57,35.23,36.48,267052500,0
2020-01-22,38.13,39.63,37.27,37.97,470535000,0
2020-01-23,37.62,38.8,37.04,38.15,294765000,0
2020-01-24,38.04,38.26,36.95,37.65,215304000,0
2020-01-27,36.13,37.63,35.95,37.2,204121500,0
2020-01-28,37.9,38.45,37.21,37.79,176827500,0
2020-01-29,38.38,39.32,37.83,38.73,267022500,0
2020-01-30,42.16,43.39,41.2,42.72,435085500,0
2020-01-31,42.67,43.53,42.17,43.37,235789500,0
2020-02-03,44.91,52.41,44.9,52.0,705975000,0
2020-02-04,58.86,64.6,55.59,59.14,914082000,0
2020-02-05,54.88,56.4,46.94,48.98,726357000,0
2020-02-06,46.66,53.06,45.8,49.93,598212000,0
2020-02-07,48.7,51.32,48.67,49.87,255952500,0
2020-02-10,53.33,54.67,50.16,51.42,370338000,0
2020-02-11,51.25,52.23,50.53,51.63,175462500,0
2020-02-12,51.86,52.65,50.89,51.15,180337500,0
2020-02-13,49.46,54.53,49.0,53.6,394339500,0
2020-02-14,52.48,54.2,52.37,53.34,235405500,0
2020-02-18,56.11,57.33,55.49,57.23,245725500,0
2020-02-19,61.57,62.99,60.07,61.16,381345000,0
2020-02-20,60.8,60.8,57.33,59.96,264523500,0
2020-02-21,60.47,60.87,58.7,60.07,214722000,0
2020-02-24,55.93,57.57,54.81,55.59,227883000,0
2020-02-25,56.6,57.11,52.47,53.33,259357500,0
2020-02-26,52.17,54.22,51.74,51.92,211282500,0
2020-02-27,48.67,49.32,44.6,45.27,364158000,0
2020-02-28,41.98,46.03,40.77,44.53,363343500,0
2020-03-02,47.42,49.58,45.78,49.57,302925000,0
2020-03-03,53.67,53.8,47.74,49.7,386760000,0
2020-03-04,50.93,51.1,48.32,49.97,225735000,0
2020-03-05,48.25,49.72,47.87,48.3,162790500,0
2020-03-06,46.0,47.13,45.62,46.9,189943500,0
2020-03-09,40.36,44.2,40.33,40.53,256105500,0
2020-03-10,43.96,44.53,40.53,43.02,233916000,0
2020-03-11,42.68,43.57,40.87,42.28,199837500,0
2020-03-12,38.73,39.63,36.42,37.37,283636500,0
2020-03-13,39.67,40.5,33.47,36.44,339604500,0
2020-03-16,31.3,32.99,29.48,29.67,307342500,0
2020-03-17,29.33,31.46,26.4,28.68,359919000,0
2020-03-18,25.93,26.99,23.37,24.08,356793000,0
2020-03-19,24.98,30.13,23.9,28.51,452932500,0
2020-03-20,29.21,31.8,28.39,28.5,424282500,0
2020-03-23,28.91,29.47,27.37,28.95,246817500,0
2020-03-24,31.82,34.25,31.6,33.67,343428000,0
2020-03-25,36.35,37.13,34.07,35.95,318340500,0
2020-03-26,36.49,37.33,34.15,35.21,260710500,0
2020-03-27,33.67,35.05,32.94,34.29,215661000,0
2020-03-30,34.02,34.44,32.75,33.48,179971500,0
2020-03-31,33.42,36.2,33.13,34.93,266572500,0
2020-04-01,33.6,34.26,31.67,32.1,200298000,0
2020-04-02,32.07,32.95,29.76,30.3,297876000,0
2020-04-03,33.97,34.37,31.23,32.0,338431500,0
2020-04-06,34.08,34.73,33.2,34.42,223527000,0
2020-04-07,36.33,37.67,35.49,36.36,268797000,0
2020-04-08,36.95,37.15,35.56,36.59,189840000,0
2020-04-09,37.47,38.35,37.14,38.2,204750000,0
2020-04-13,39.34,43.47,38.7,43.4,337131000,0
2020-04-14,46.6,49.46,46.16,47.33,458647500,0
2020-04-15,49.47,50.21,47.33,48.66,353655000,0
2020-04-16,47.8,50.63,47.11,49.68,309868500,0
2020-04-17,51.49,51.66,49.84,50.26,196923000,0
2020-04-20,48.85,51.04,47.48,49.76,221199000,0
2020-04-21,48.67,50.22,44.92,45.78,303136500,0
2020-04-22,46.93,48.93,45.91,48.81,212482500,0
2020-04-23,48.51,48.93,46.88,47.04,198550500,0
2020-04-24,47.39,48.72,46.55,48.34,198180000,0
2020-04-27,49.17,53.3,49.0,53.25,310221000,0
2020-04-28,53.04,53.67,50.45,51.27,228330000,0
2020-04-29,52.68,53.55,52.21,53.37,243240000,0
2020-04-30,57.01,57.99,50.9,52.13,427078500,0
2020-05-01,50.33,51.52,45.54,46.75,487977000,0
2020-05-04,46.73,50.8,46.53,50.75,288556500,0
2020-05-05,52.65,53.26,50.81,51.21,254875500,0
2020-05-06,51.77,52.65,50.74,52.17,166848000,0
2020-05-07,51.81,53.09,51.49,52.0,172915500,0
2020-05-08,52.92,54.93,52.47,54.63,241297500,0
2020-05-11,52.7,54.93,52.33,54.09,247794000,0
2020-05-12,55.13,56.22,53.87,53.96,238603500,0
2020-05-13,54.72,55.07,50.89,52.73,285982500,0
2020-05-14,52.0,53.56,50.93,53.56,205233000,0
2020-05-15,52.69,53.67,52.44,53.28,157776000,0
2020-05-18,55.19,55.65,53.59,54.24,174987000,0
2020-05-19,54.34,54.8,53.74,53.87,144547500,0
2020-05-20,54.7,55.07,54.12,54.37,109639500,0
2020-05-21,54.4,55.5,53.07,55.17,183819000,0
2020-05-22,54.81,55.45,54.13,54.46,149812500,0
2020-05-26,55.63,55.64,54.38,54.59,121345500,0
2020-05-27,54.72,55.18,52.33,54.68,173242500,0
2020-05-28,54.23,54.98,53.45,53.72,108834000,0
2020-05-29,53.92,55.67,53.61,55.67,176467500,0
2020-06-01,57.2,59.93,56.94,59.87,224092500,0
2020-06-02,59.65,60.58,58.07,58.77,203484000,0
2020-06-03,59.21,59.86,58.67,58.86,119242500,0
2020-06-04,59.33,59.72,57.23,57.63,133315500,0
2020-06-05,58.52,59.1,57.75,59.04,117178500,0
2020-06-08,61.27,63.33,60.61,63.33,212620500,0
2020-06-09,62.67,63.63,61.6,62.71,170823000,0
2020-06-10,66.13,68.5,65.5,68.34,278451000,0
2020-06-11,66.01,67.93,64.8,64.86,238747500,0
2020-06-12,65.33,65.87,60.84,62.35,251451000,0
2020-06-15,61.19,66.59,60.57,66.06,235458000,0
2020-06-16,67.46,67.53,64.16,65.48,210766500,0
2020-06-17,65.85,67.0,65.5,66.12,148362000,0
2020-06-18,66.87,67.95,66.3,66.93,146278500,0
2020-06-19,67.52,67.73,66.09,66.73,130195500,0
2020-06-22,66.66,67.26,66.0,66.29,95436000,0
2020-06-23,66.59,67.47,66.27,66.79,95479500,0
2020-06-24,66.27,66.73,63.54,64.06,164394000,0
2020-06-25,63.62,65.73,62.48,65.73,138817500,0
2020-06-26,66.32,66.33,63.66,63.98,132823500,0
2020-06-29,64.6,67.33,63.23,67.29,135396000,0
2020-06-30,67.1,72.51,66.92,71.99,253777500,0
2020-07-01,72.2,75.69,72.03,74.64,199903500,0
2020-07-02,81.43,81.87,79.04,80.58,258751500,0
2020-07-06,85.11,91.85,84.4,91.44,308548500,0
2020-07-07,93.67,95.3,89.11,92.66,322345500,0
2020-07-08,93.67,94.48,87.42,91.06,244669500,0
2020-07-09,93.13,93.9,90.09,92.95,175764000,0
2020-07-10,93.07,103.26,91.73,102.98,350064000,0
2020-07-13,110.6,119.67,98.07,99.8,584781000,0
2020-07-14,103.73,106.0,95.4,101.12,351271500,0
2020-07-15,102.87,103.33,97.13,103.07,245517000,0
2020-07-16,98.48,102.11,97.73,100.04,214512000,0
2020-07-17,100.9,102.5,99.33,100.06,139950000,0
2020-07-20,101.27,110.0,99.2,109.53,256821000,0
2020-07-21,109.33,111.67,103.87,104.56,241608000,0
2020-07-22,106.6,108.43,104.13,106.16,212416500,0
2020-07-23,111.93,112.6,98.72,100.87,364927500,0
2020-07-24,94.4,97.67,91.1,94.47,290949000,0
2020-07-27,95.67,103.2,94.2,102.64,240730500,0
2020-07-28,100.27,104.31,98.29,98.43,237130500,0
2020-07-29,100.07,102.32,99.13,99.94,141403500,0
2020-07-30,99.2,100.88,98.07,99.17,114315000,0
2020-07-31,101.0,101.14,94.73,95.38,183123000,0
2020-08-03,96.61,100.65,96.29,99.0,132139500,0
2020-08-04,99.67,101.83,97.47,99.13,126225000,0
2020-08-05,99.53,99.99,97.89,99.0,74217000,0
2020-08-06,99.39,101.15,98.48,99.31,89884500,0
2020-08-07,99.97,99.98,94.33,96.85,133446000,0
2020-08-10,96.53,97.17,92.39,94.57,112834500,0
2020-08-11,93.07,94.67,91.0,91.63,129387000,0
2020-08-12,98.0,105.67,95.67,103.65,327441000,0
2020-08-13,107.4,110.08,104.48,108.07,306379500,0
2020-08-14,111.0,111.25,108.44,110.05,188664000,0
2020-08-17,111.8,123.06,111.52,122.38,303634500,0
2020-08-18,126.6,128.26,123.01,125.81,247117500,0
2020-08-19,124.33,127.4,122.75,125.24,183079500,0
2020-08-20,124.05,134.8,123.8,133.46,309177000,0
2020-08-21,136.32,139.7,135.0,136.67,322344000,0
2020-08-24,141.75,141.93,128.5,134.28,300954000,0
2020-08-25,131.66,135.2,131.2,134.89,159883500,0
2020-08-26,137.33,144.4,136.91,143.54,213591000,0
2020-08-27,145.36,153.04,142.83,149.25,355395000,0
2020-08-28,153.01,154.57,145.77,147.56,301218000,0
2020-08-31,148.2,166.71,146.7,166.11,355123200,0
2020-09-01,167.38,167.5,156.84,158.35,269523300,0
2020-09-02,159.66,159.68,135.04,149.12,288528300,0
2020-09-03,135.74,143.93,134.0,135.67,262788300,0
2020-09-04,134.27,142.67,124.01,139.44,330965700,0
2020-09-08,118.67,122.91,109.96,110.07,346397100,0
2020-09-09,118.87,123.0,113.84,122.09,238397400,0
2020-09-10,128.74,133.0,120.19,123.78,254791800,0
2020-09-11,127.31,127.5,120.17,124.24,182152500,0
2020-09-14,126.98,140.0,124.43,139.87,249061800,0
2020-09-15,145.52,153.98,143.57,149.92,291894600,0
2020-09-16,146.62,152.6,145.1,147.25,216837900,0
2020-09-17,138.53,145.93,136.0,141.14,230337600,0
2020-09-18,149.31,150.33,142.93,147.38,259220400,0
2020-09-21,151.04,151.89,135.69,149.8,328430400,0
2020-09-22,143.2,145.92,139.2,141.41,238742400,0
2020-09-23,135.05,137.38,125.29,126.79,285222600,0
2020-09-24,121.27,133.17,117.1,129.26,289683300,0
2020-09-25,131.16,136.24,130.43,135.78,201625500,0
2020-09-28,141.54,142.69,138.52,140.4,149158800,0
2020-09-29,138.67,142.83,137.2,139.69,150657900,0
2020-09-30,140.44,144.64,140.16,143.0,144436800,0
2020-10-01,146.92,149.63,144.81,149.39,152224500,0
2020-10-02,140.46,146.38,138.33,138.36,214290000,0
2020-10-05,141.12,144.55,139.78,141.89,134168400,0
2020-10-06,141.26,142.93,135.35,137.99,147438900,0
2020-10-07,139.96,143.3,137.95,141.77,129383100,0
2020-10-08,146.15,146.33,141.77,141.97,121263300,0
2020-10-09,143.38,144.86,142.15,144.67,86777100,0
2020-10-12,147.33,149.58,146.19,147.43,116373300,0
2020-10-13,147.78,149.63,145.53,148.88,103391100,0
2020-10-14,149.93,155.3,149.12,153.77,143639100,0
2020-10-15,150.1,152.19,147.5,149.63,107017200,0
2020-10-16,151.48,151.98,146.28,146.56,98327700,0
2020-10-19,148.75,149.0,142.96,143.61,108863400,0
2020-10-20,143.92,143.92,139.68,140.65,94968900,0
2020-10-21,140.9,144.32,140.42,140.88,97111500,0
2020-10-22,147.31,148.41,141.5,141.93,119979600,0
2020-10-23,140.61,140.96,135.79,140.21,101151000,0
2020-10-26,137.21,141.92,136.67,140.09,84717600,0
2020-10-27,141.25,143.5,140.03,141.56,68059500,0
2020-10-28,138.83,139.53,135.33,135.34,76354200,0
2020-10-29,136.65,139.35,135.49,136.94,67965900,0
2020-10-30,135.63,135.86,126.37,129.35,127533900,0
2020-11-02,131.33,135.66,130.77,133.5,87063300,0
2020-11-03,136.58,142.59,135.56,141.3,103055100,0
2020-11-04,143.54,145.13,139.03,140.33,96429300,0
2020-11-05,142.77,146.67,141.33,146.03,85243500,0
2020-11-06,145.37,145.52,141.43,143.32,65118000,0
2020-11-09,146.5,150.83,140.33,140.42,104499000,0
2020-11-10,140.03,140.03,132.01,136.79,90852600,0
2020-11-11,138.82,139.57,136.86,139.04,52073100,0
2020-11-12,138.35,141.0,136.51,137.25,59565300,0
2020-11-13,136.95,137.51,133.89,136.17,59313300,0
2020-11-16,136.31,137.48,134.7,136.03,80515800,0
2020-11-17,153.39,154.0,144.34,147.2,183564900,0
2020-11-18,149.45,165.33,147.83,162.21,234132000,0
2020-11-19,164.0,169.54,162.52,166.42,187425900,0
2020-11-20,166.0,167.5,163.02,163.2,98735700,0
2020-11-23,167.83,175.33,167.26,173.95,150780900,0
2020-11-24,180.13,186.66,175.4,185.13,160945500,0
2020-11-25,183.35,191.33,181.79,191.33,146790600,0
2020-11-27,193.72,199.59,192.82,195.25,112683300,0
2020-11-30,200.74,202.6,184.84,189.2,189009300,0
2020-12-01,199.2,199.28,190.68,194.92,120310500,0
2020-12-02,185.48,190.51,180.4,189.61,143327100,0
2020-12-03,196.67,199.66,194.14,197.79,127656000,0
2020-12-04,197.0,199.68,195.17,199.68,88203900,0
2020-12-07,201.64,216.26,201.02,213.92,168929100,0
2020-12-08,208.5,217.09,206.17,216.63,192795000,0
2020-12-09,217.9,218.11,196.0,201.49,213873600,0
2020-12-10,191.46,209.25,188.78,209.02,201249600,0
2020-12-11,205.0,208.0,198.93,203.33,139425000,0
2020-12-14,206.33,214.25,203.4,213.28,156121800,0
2020-12-15,214.43,215.63,207.93,211.08,135214500,0
2020-12-16,209.41,210.83,201.67,207.59,126287400,0
2020-12-17,209.4,219.61,206.5,218.63,168810300,0
2020-12-18,222.97,231.67,209.51,231.67,666378600,0
2020-12-21,222.08,222.83,215.36,216.62,174135900,0
2020-12-22,216.0,216.63,204.74,213.45,155148000,0
2020-12-23,210.73,217.17,207.52,215.33,99519000,0
2020-12-24,214.33,222.03,213.67,220.59,68596800,0
2020-12-28,224.84,227.13,220.27,221.23,96835800,0
2020-12-29,220.33,223.3,218.33,222.0,68732400,0
2020-12-30,224.0,232.2,222.79,231.59,128538000,0
2020-12-31,233.33,239.57,230.37,235.22,148949700,0
2021-01-04,239.82,248.16,239.06,243.26,145914600,0
2021-01-05,241.22,246.95,239.73,245.04,96735600,0
2021-01-06,252.83,258.0,249.7,251.99,134100000,0
2021-01-07,259.21,272.33,258.4,272.01,154496700,0
2021-01-08,285.33,294.83,279.46,293.34,225166500,0
2021-01-11,283.13,284.81,267.87,270.4,177904800,0
2021-01-12,277.0,289.33,275.78,283.15,138812100,0
2021-01-13,284.25,286.82,277.33,284.8,99937500,0
2021-01-14,281.13,287.67,279.58,281.67,93798900,0
2021-01-15,284.0,286.63,273.03,275.39,116332800,0
2021-01-19,279.27,283.33,277.67,281.52,76101000,0
2021-01-20,286.25,286.5,279.09,283.48,76997700,0
2021-01-21,285.0,285.24,280.47,281.66,61563300,0
2021-01-22,278.1,282.67,276.21,282.21,60199500,0
2021-01-25,285.0,300.13,279.61,293.6,123520200,0
2021-01-26,297.13,298.63,290.53,294.36,69394800,0
2021-01-27,290.12,297.17,286.22,288.05,82002000,0
2021-01-28,273.33,282.67,267.0,278.48,79134000,0
2021-01-29,276.67,280.8,260.03,264.51,104972400,0
2021-02-01,271.43,280.67,265.19,279.94,76174200,0
2021-02-02,281.56,293.5,280.73,290.93,73038600,0
2021-02-03,292.34,292.69,284.35,284.9,55030500,0
2021-02-04,285.0,285.5,277.81,283.33,47438100,0
2021-02-05,281.67,288.26,279.66,284.08,55699800,0
2021-02-08,289.89,292.59,284.92,287.81,60485100,0
2021-02-09,285.04,286.6,280.58,283.15,45473100,0
2021-02-10,281.21,281.61,266.67,268.27,108648300,0
2021-02-11,270.81,276.63,267.24,270.55,64868400,0
2021-02-12,267.09,272.44,261.78,272.04,71304900,0
2021-02-16,272.67,273.67,264.15,265.41,59406900,0
2021-02-17,259.7,266.61,254.0,266.05,77989500,0
2021-02-18,260.3,264.9,258.76,262.46,53871300,0
2021-02-19,265.0,265.6,259.12,260.43,56874900,0
2021-02-22,254.21,256.17,236.73,238.17,111809100,0
2021-02-23,220.71,237.87,206.33,232.95,199820700,0
2021-02-24,237.28,248.33,231.39,247.34,110301000,0
2021-02-25,242.05,245.74,223.53,227.41,117071700,0
2021-02-26,233.33,235.57,219.84,225.17,123267600,0
2021-03-01,230.04,239.67,228.35,239.48,81408600,0
2021-03-02,239.43,240.37,228.33,228.81,71196600,0
2021-03-03,229.33,233.57,217.24,217.73,90624000,0
2021-03-04,218.6,222.82,200.0,207.15,197758500,0
2021-03-05,208.69,209.28,179.83,199.32,268189500,0
2021-03-08,200.18,206.71,186.26,187.67,155361000,0
2021-03-09,202.73,226.03,198.4,224.53,202569900,0
2021-03-10,233.43,239.28,218.35,222.69,181817100,0
2021-03-11,233.13,234.17,225.73,233.2,108761700,0
2021-03-12,223.33,231.63,222.05,231.24,100751400,0
2021-03-15,231.36,237.73,228.01,235.98,88006800,0
2021-03-16,234.45,235.97,223.67,225.63,96587100,0
2021-03-17,218.96,234.58,217.0,233.94,121117500,0
2021-03-18,228.1,229.74,217.33,217.72,99674400,0
2021-03-19,215.53,219.08,208.21,218.29,128682000,0
2021-03-22,228.2,233.21,222.92,223.33,118536600,0
2021-03-23,225.26,225.93,219.17,220.72,91475700,0
2021-03-24,222.64,222.67,210.04,210.09,101385600,0
2021-03-25,204.33,215.17,203.17,213.46,117674700,0
2021-03-26,213.96,214.61,199.96,206.24,101558400,0
2021-03-29,205.21,205.49,198.67,203.76,85911000,0
2021-03-30,200.58,212.55,197.0,211.87,118297200,0
2021-03-31,215.54,224.0,213.7,222.64,100011900,0
2021-04-01,229.46,230.81,219.81,220.58,105895200,0
2021-04-05,235.9,236.05,228.23,230.35,125528400,0
2021-04-06,230.1,232.18,227.12,230.54,84815400,0
2021-04-07,229.0,230.46,222.61,223.66,78928200,0
2021-04-08,225.79,229.85,223.88,227.93,71772900,0
2021-04-09,225.92,226.99,223.14,225.67,64311300,0
2021-04-12,228.57,234.93,227.36,233.99,87407100,0
2021-04-13,237.57,254.33,236.89,254.11,133958400,0
2021-04-14,256.9,260.26,242.68,244.08,147052200,0
2021-04-15,247.7,247.9,240.44,246.28,83546700,0
2021-04-16,242.88,249.8,241.53,246.59,83938500,0
2021-04-19,239.87,241.8,230.6,238.21,119058600,0
2021-04-20,239.14,245.75,236.9,239.66,106827000,0
2021-04-21,234.92,248.28,232.67,248.04,93646500,0
2021-04-22,247.17,251.26,239.35,239.9,106770900,0
2021-04-23,239.93,245.79,238.49,243.13,85110000,0
2021-04-26,247.0,249.77,244.2,246.07,93115500,0
2021-04-27,239.32,241.33,234.45,234.91,88311000,0
2021-04-28,232.14,236.17,231.2,231.47,66813000,0
2021-04-29,233.17,234.08,222.83,225.67,86536200,0
2021-04-30,222.53,238.49,222.05,236.48,122276100,0
2021-05-03,234.6,235.33,226.83,228.3,81129300,0
2021-05-04,226.31,227.82,219.23,224.53,89217900,0
2021-05-05,227.02,228.43,222.45,223.65,65705700,0
2021-05-06,226.92,227.01,216.67,221.18,83353800,0
2021-05-07,221.93,230.0,220.07,224.12,70407600,0
2021-05-10,221.63,221.68,209.2,209.68,94177200,0
2021-05-11,199.75,209.03,198.53,205.73,139511700,0
2021-05-12,200.83,206.8,195.59,196.63,101470800,0
2021-05-13,200.51,202.15,186.55,190.56,132554700,0
2021-05-14,194.47,197.62,190.15,196.58,100112700,0
2021-05-17,191.85,196.58,187.07,192.28,97171200,0
2021-05-18,189.33,198.75,187.79,192.62,110491800,0
2021-05-19,184.18,188.74,182.33,187.82,118735200,0
2021-05-20,191.67,196.28,190.36,195.59,92463300,0
2021-05-21,198.7,198.89,193.33,193.63,78091800,0
2021-05-24,193.87,204.83,191.22,202.15,103674300,0
2021-05-25,202.44,204.66,198.57,201.56,84017700,0
2021-05-26,202.52,208.72,200.5,206.38,85917900,0
2021-05-27,206.75,210.38,205.4,210.28,79111800,0
2021-05-28,209.5,211.86,207.46,208.41,68211000,0
2021-06-01,209.27,211.27,206.85,207.97,54254700,0
2021-06-02,206.71,207.79,199.71,201.71,69908400,0
2021-06-03,200.6,201.52,190.41,190.95,90335700,0
2021-06-04,193.24,200.2,192.4,199.68,72110700,0
2021-06-07,197.28,203.33,194.29,201.71,67631100,0
2021-06-08,207.67,207.7,198.5,201.2,78160200,0
2021-06-09,200.72,203.93,199.21,199.59,49753800,0
2021-06-10,201.29,205.53,200.17,203.37,71758800,0
2021-06-11,203.41,204.19,200.51,203.3,48615900,0
2021-06-14,204.08,208.5,203.06,205.9,61272000,0
2021-06-15,205.56,205.6,199.41,199.79,53292300,0
2021-06-16,199.18,202.83,197.83,201.62,66432300,0
2021-06-17,200.63,207.16,200.45,205.53,68104200,0
2021-06-18,204.46,209.45,203.93,207.77,73682700,0
2021-06-21,208.16,210.46,202.96,206.94,74438100,0
2021-06-22,206.08,209.52,205.17,207.9,57476700,0
2021-06-23,210.67,219.07,210.01,218.86,93297600,0
2021-06-24,225.0,232.54,222.54,226.61,137947200,0
2021-06-25,229.86,231.27,222.9,223.96,97490100,0
2021-06-28,223.88,231.57,223.44,229.57,64884600,0
2021-06-29,228.22,229.17,225.3,226.92,52143900,0
2021-06-30,226.59,230.94,226.05,226.57,56774700,0
2021-07-01,227.97,229.33,224.27,225.97,55903500,0
2021-07-02,226.33,233.33,224.42,226.3,81163500,0
2021-07-06,227.24,228.0,217.13,219.86,69853500,0
2021-07-07,221.42,221.9,212.77,214.88,56376000,0
2021-07-08,209.46,218.14,206.82,217.6,68319900,0
2021-07-09,217.73,219.64,214.9,218.98,54421500,0
2021-07-12,220.73,229.08,220.72,228.57,77781000,0
2021-07-13,228.77,231.09,222.1,222.85,62898300,0
2021-07-14,223.58,226.2,217.61,217.79,64923600,0
2021-07-15,219.46,222.05,212.63,216.87,60628800,0
2021-07-16,218.23,218.9,214.07,214.74,49113000,0
2021-07-19,209.96,215.73,207.1,215.41,63891300,0
2021-07-20,217.33,220.8,213.5,220.17,46461300,0
2021-07-21,219.87,221.62,216.76,218.43,41859900,0
2021-07-22,218.81,220.72,214.87,216.42,45317100,0
2021-07-23,215.45,216.27,212.43,214.46,43814700,0
2021-07-26,216.99,222.73,215.7,219.21,76009800,0
2021-07-27,221.13,222.17,209.08,214.93,98439900,0
2021-07-28,215.67,218.32,213.13,215.66,48019800,0
2021-07-29,216.6,227.9,216.27,225.78,91183800,0
2021-07-30,223.92,232.51,223.0,229.07,88969200,0
2021-08-02,233.33,242.31,232.8,236.56,100847400,0
2021-08-03,239.67,240.88,233.67,236.58,64860900,0
2021-08-04,237.0,241.63,236.31,236.97,51007800,0
2021-08-05,238.67,240.32,237.14,238.21,38758800,0
2021-08-06,237.3,238.78,232.54,233.03,46869000,0
2021-08-09,236.72,239.68,235.04,237.92,44145900,0
2021-08-10,238.0,238.86,233.96,236.66,40296900,0
2021-08-11,237.57,238.39,234.74,235.94,29401800,0
2021-08-12,235.45,240.93,233.13,240.75,52377300,0
2021-08-13,241.24,243.3,238.11,239.06,50194500,0
2021-08-16,235.02,236.5,225.47,228.72,68032200,0
2021-08-17,224.22,224.86,216.28,221.9,71163900,0
2021-08-18,223.25,231.92,223.12,229.66,61048200,0
2021-08-19,226.07,228.85,222.53,224.49,42940500,0
2021-08-20,227.62,230.71,224.57,226.75,44525700,0
2021-08-23,228.48,237.38,226.92,235.43,60794700,0
2021-08-24,236.89,238.41,234.21,236.16,39249300,0
2021-08-25,235.68,238.99,234.67,237.07,37936800,0
2021-08-26,236.1,238.47,232.54,233.72,39642900,0
2021-08-27,235.0,238.33,234.03,237.31,41501400,0
2021-08-30,238.24,243.67,237.58,243.64,55812600,0
2021-08-31,244.33,246.8,242.15,245.24,62566200,0
2021-09-01,244.69,247.33,243.76,244.7,39612900,0
2021-09-02,244.83,246.99,243.51,244.13,38331900,0
2021-09-03,244.08,244.67,241.4,244.52,45738300,0
2021-09-07,246.67,253.4,246.42,250.97,60119400,0
2021-09-08,253.86,254.82,246.92,251.29,56379000,0
2021-09-09,251.14,254.03,250.54,251.62,42233100,0
2021-09-10,253.2,254.2,244.84,245.42,45552600,0
2021-09-13,246.74,248.26,236.28,247.67,68857500,0
2021-09-14,247.52,251.49,245.47,248.16,55574700,0
2021-09-15,248.33,252.29,246.12,251.94,46073100,0
2021-09-16,250.94,252.97,249.2,252.33,41770200,0
2021-09-17,252.38,253.68,250.0,253.16,84612600,0
2021-09-20,244.85,247.33,239.54,243.39,74273100,0
2021-09-21,244.93,248.25,243.48,246.46,48992100,0
2021-09-22,247.84,251.22,246.37,250.65,45378900,0
2021-09-23,251.67,252.73,249.31,251.21,35842500,0
2021-09-24,248.63,258.27,248.19,258.13,64119000,0
2021-09-27,257.71,266.33,256.44,263.79,84212100,0
2021-09-28,262.4,265.21,255.39,259.19,76144200,0
2021-09-29,259.93,264.5,256.89,260.44,62828700,0
2021-09-30,260.33,263.04,258.33,258.49,53868000,0
2021-10-01,259.47,260.26,254.53,258.41,51094200,0
2021-10-04,265.5,268.99,258.71,260.51,91449900,0
2021-10-05,261.6,265.77,258.07,260.2,55297800,0
2021-10-06,258.73,262.22,257.74,260.92,43898400,0
2021-10-07,261.82,268.33,261.13,264.54,57587400,0
2021-10-08,265.4,265.46,260.3,261.83,50215800,0
2021-10-11,262.55,267.08,261.83,263.98,42600900,0
2021-10-12,266.98,270.77,265.52,268.57,66060000,0
2021-10-13,270.16,271.8,268.59,270.36,42360300,0
2021-10-14,271.83,273.42,271.12,272.77,36741600,0
2021-10-15,274.58,281.07,274.12,281.01,56773800,0
2021-10-18,283.93,291.75,283.82,290.04,72621600,0
2021-10-19,292.51,292.65,287.5,288.09,52143300,0
2021-10-20,288.45,289.83,285.79,288.6,42096300,0
2021-10-21,285.33,300.0,285.17,298.0,94444500,0
2021-10-22,298.5,303.33,296.99,303.23,68642400,0
2021-10-25,316.84,348.34,314.73,341.62,188556300,0
2021-10-26,341.56,364.98,333.81,339.48,187245000,0
2021-10-27,346.55,356.96,343.59,345.95,115579500,0
2021-10-28,356.1,360.33,351.4,359.01,81639600,0
2021-10-29,360.62,371.74,357.74,371.33,89755200,0
2021-11-01,381.67,403.25,372.89,402.86,168146100,0
2021-11-02,386.45,402.86,382.0,390.67,128213400,0
2021-11-03,392.44,405.13,384.21,404.62,103885500,0
2021-11-04,411.47,414.5,405.67,409.97,76192200,0
2021-11-05,409.33,413.29,402.67,407.36,64886400,0
2021-11-08,383.26,399.0,377.67,387.65,100337100,0
2021-11-09,391.2,391.5,337.17,341.17,177317400,0
2021-11-10,336.8,359.37,329.1,355.98,128408100,0
2021-11-11,367.59,368.32,351.56,354.5,67189800,0
2021-11-12,349.17,351.5,339.73,344.47,76719300,0
2021-11-15,339.21,343.99,326.2,337.8,104326800,0
2021-11-16,334.44,352.4,334.06,351.58,79627200,0
2021-11-17,354.5,373.21,351.83,363.0,94336200,0
2021-11-18,368.85,370.67,358.34,365.46,62696700,0
2021-11-19,366.29,379.57,364.23,379.02,64926900,0
2021-11-22,387.44,400.65,377.48,385.62,99217500,0
2021-11-23,389.17,393.5,354.23,369.68,108515100,0
2021-11-24,360.13,377.59,354.0,372.0,67680600,0
2021-11-26,366.49,369.59,360.33,360.64,35042700,0
2021-11-29,367.0,380.89,366.73,379.0,58393500,0
2021-11-30,381.46,389.33,372.67,381.59,81276000,0
2021-12-01,386.9,390.95,363.59,365.0,68450400,0
2021-12-02,366.35,371.0,352.22,361.53,73114800,0
2021-12-03,361.6,363.53,333.4,338.32,92322000,0
2021-12-06,333.84,340.55,316.83,336.34,81663000,0
2021-12-07,348.07,352.56,342.27,350.58,56084700,0
2021-12-08,350.9,357.46,344.33,356.32,41906400,0
2021-12-09,353.55,354.16,334.12,334.6,59438400,0
2021-12-10,336.25,340.33,327.51,339.01,59664300,0
2021-12-13,333.7,335.0,317.14,322.14,78595500,0
2021-12-14,315.0,322.14,310.0,319.5,70806300,0
2021-12-15,317.74,326.25,309.42,325.33,75169200,0
2021-12-16,331.5,331.66,307.28,308.97,82771500,0
2021-12-17,304.92,320.22,303.01,310.86,100437300,0
2021-12-20,303.57,307.23,297.8,299.98,56480100,0
2021-12-21,305.62,313.17,295.37,312.84,71517900,0
2021-12-22,321.89,338.55,319.02,336.29,93634200,0
2021-12-23,335.6,357.66,332.52,355.67,92713200,0
2021-12-27,357.89,372.33,356.91,364.65,71145900,0
2021-12-28,369.83,373.0,359.47,362.82,60324000,0
2021-12-29,366.21,368.0,354.71,362.06,56154000,0
2021-12-30,353.78,365.18,351.05,356.78,47040900,0
2021-12-31,357.81,360.67,351.53,352.26,40733700,0
2022-01-03,382.58,400.36,378.68,399.93,103931400,0
2022-01-04,396.52,402.67,374.35,383.2,100248300,0
2022-01-05,382.22,390.11,360.34,362.71,80119800,0
2022-01-06,359.0,362.67,340.17,354.9,90336600,0
2022-01-07,360.12,360.31,336.67,342.32,84164700,0
2022-01-10,333.33,353.03,326.67,352.71,91815000,0
2022-01-11,351.22,358.62,346.27,354.8,66063300,0
2022-01-12,359.62,371.61,357.53,368.74,83739000,0
2022-01-13,369.69,371.87,342.18,343.85,97209900,0
2022-01-14,339.96,350.67,337.79,349.87,72924300,0
2022-01-18,342.2,356.93,338.69,343.5,66743400,0
2022-01-19,347.24,351.56,331.67,331.88,75442500,0
2022-01-20,336.58,347.22,331.33,332.09,70488600,0
2022-01-21,332.11,334.85,313.5,314.63,103416000,0
2022-01-24,301.59,311.17,283.82,310.0,151565700,0
2022-01-25,304.73,317.09,301.07,306.13,86595900,0
2022-01-26,317.48,329.23,302.0,312.47,104867400,0
2022-01-27,311.12,311.8,276.33,276.37,147109500,0
2022-01-28,277.19,285.83,264.0,282.12,134789100,0
2022-01-31,290.9,312.66,287.35,312.24,104436000,0
2022-02-01,311.74,314.57,301.67,310.42,73138200,0
2022-02-02,309.39,310.5,296.47,301.89,66792900,0
2022-02-03,294.0,312.33,293.51,297.05,78855600,0
2022-02-04,299.07,312.17,293.72,307.77,73625400,0
2022-02-07,307.93,315.92,300.9,302.45,60994500,0
2022-02-08,301.84,308.76,298.27,307.33,50729100,0
2022-02-09,311.67,315.42,306.67,310.67,52259400,0
2022-02-10,302.79,314.6,298.9,301.52,66126900,0
2022-02-11,303.21,305.32,283.57,286.67,79645800,0
2022-02-14,287.19,299.63,284.38,291.92,67756500,0
2022-02-15,300.0,307.67,297.79,307.48,57286200,0
2022-02-16,304.68,308.81,300.4,307.8,51294300,0
2022-02-17,304.42,306.17,291.37,292.12,55178400,0
2022-02-18,295.33,295.62,279.2,285.66,68501700,0
2022-02-22,278.04,285.58,267.03,273.84,83288100,0
2022-02-23,276.81,278.43,253.52,254.68,95256900,0
2022-02-24,233.46,267.49,233.33,266.92,135322200,0
2022-02-25,269.74,273.17,260.8,269.96,76067700,0
2022-02-28,271.67,292.29,271.57,290.14,99006900,0
2022-03-01,289.89,296.63,284.59,288.12,74766900,0
2022-03-02,290.71,295.49,281.42,293.3,74643300,0
2022-03-03,292.92,295.48,277.53,279.76,61623600,0
2022-03-04,283.03,285.22,275.05,279.43,66999600,0
2022-03-07,285.43,288.71,268.19,268.19,72494100,0
2022-03-08,265.18,283.33,260.72,274.8,80399100,0
2022-03-09,279.83,286.85,277.34,286.32,59184000,0
2022-03-10,283.82,284.82,270.12,279.43,58648500,0
2022-03-11,280.07,281.27,264.59,265.12,67037100,0
2022-03-14,260.2,266.9,252.01,255.46,71152200,0
2022-03-15,258.42,268.52,252.19,267.3,66841200,0
2022-03-16,269.67,280.67,267.42,280.08,84028800,0
2022-03-17,277.0,291.67,275.24,290.53,66582900,0
2022-03-18,291.5,302.62,289.13,301.8,100414200,0
2022-03-21,304.99,314.28,302.36,307.05,81981600,0
2022-03-22,310.0,332.62,307.25,331.33,105868500,0
2022-03-23,326.65,346.9,325.47,333.04,120676200,0
2022-03-24,336.58,341.5,329.6,337.97,68920800,0
2022-03-25,336.0,340.6,332.44,336.88,62031600,0
2022-03-28,355.03,365.96,351.2,363.95,102506100,0
2022-03-29,369.33,371.59,357.7,366.52,73614900,0
2022-03-30,363.72,371.32,361.33,364.66,59865000,0
2022-03-31,364.86,367.71,358.88,359.2,48992700,0
2022-04-01,360.38,364.92,355.55,361.53,54263100,0
2022-04-04,363.13,383.3,357.51,381.82,82035900,0
2022-04-05,378.77,384.29,362.43,363.75,80075100,0
2022-04-06,357.82,359.67,342.57,348.59,89348400,0
2022-04-07,350.8,358.86,340.51,352.42,79447200,0
2022-04-08,347.74,349.48,340.81,341.83,55013700,0
2022-04-11,326.8,336.16,324.88,325.31,59357100,0
2022-04-12,332.55,340.4,325.53,328.98,65976000,0
2022-04-13,327.03,342.08,324.37,340.79,55121100,0
2022-04-14,333.1,337.57,327.4,328.33,58422300,0
2022-04-18,329.68,338.31,324.47,334.76,51715200,0
2022-04-19,335.02,344.98,331.78,342.72,49847700,0
2022-04-20,343.33,344.67,325.08,325.73,70711200,0
2022-04-21,358.24,364.07,332.14,336.26,105416400,0
2022-04-22,338.3,344.95,331.33,335.02,69696600,0
2022-04-25,326.32,336.21,325.1,332.67,68341200,0
2022-04-26,331.81,333.33,291.67,292.14,136133700,0
2022-04-27,299.53,306.0,292.45,293.84,76956300,0
2022-04-28,299.99,300.0,273.9,292.5,124948500,0
2022-04-29,300.75,311.47,290.0,290.25,88133100,0
2022-05-02,286.92,302.12,282.68,300.98,75781500,0
2022-05-03,301.06,308.03,296.2,303.08,63709500,0
2022-05-04,301.31,318.5,295.09,317.54,81643800,0
2022-05-05,313.01,315.2,285.9,291.09,92519100,0
2022-05-06,295.67,296.0,281.04,288.55,72903000,0
2022-05-09,278.82,281.88,260.38,262.37,90810300,0
2022-05-10,273.1,275.12,258.08,266.68,84401700,0
2022-05-11,265.0,269.92,242.4,244.67,97224600,0
2022-05-12,233.67,253.22,226.67,242.67,140313000,0
2022-05-13,257.83,262.45,250.52,256.53,92150700,0
2022-05-16,255.72,256.59,239.7,241.46,86098500,0
2022-05-17,249.12,254.83,242.95,253.87,80236200,0
2022-05-18,248.17,253.5,233.6,236.6,87811800,0
2022-05-19,235.67,244.67,231.37,236.47,90296700,0
2022-05-20,238.0,240.53,211.0,221.3,144973200,0
2022-05-23,218.34,226.65,212.69,224.97,88903500,0
2022-05-24,217.84,217.97,206.86,209.39,89092500,0
2022-05-25,207.95,223.11,207.67,219.6,92139300,0
2022-05-26,220.47,239.56,217.89,235.91,106003200,0
2022-05-27,241.08,253.27,240.18,253.21,89295000,0
2022-05-31,257.95,259.6,244.74,252.75,101914500,0
2022-06-01,251.72,257.33,243.64,246.79,77247900,0
2022-06-02,244.16,264.21,242.07,258.33,93473100,0
2022-06-03,243.23,247.8,233.42,234.52,112393800,0
2022-06-06,244.35,244.87,234.35,238.28,84204600,0
2022-06-07,234.0,240.0,230.09,238.89,72808500,0
2022-06-08,240.09,249.96,239.18,241.87,76210500,0
2022-06-09,249.34,255.55,239.33,239.71,96491400,0
2022-06-10,235.16,239.5,227.91,232.23,97536600,0
2022-06-13,223.17,226.63,214.68,215.74,102767400,0
2022-06-14,218.29,226.33,211.74,220.89,97988700,0
2022-06-15,220.92,235.66,218.15,233.0,119131800,0
2022-06-16,222.74,225.17,208.69,213.1,107390700,0
2022-06-17,213.43,220.97,213.2,216.76,92641800,0
2022-06-21,224.6,243.58,224.33,237.04,122793000,0
2022-06-22,234.5,246.83,233.83,236.09,101107500,0
2022-06-23,237.91,239.32,228.64,235.07,104202600,0
2022-06-24,237.47,246.07,236.09,245.71,95770800,0
2022-06-27,249.37,252.07,242.57,244.92,89178300,0
2022-06-28,244.48,249.97,232.34,232.66,90391200,0
2022-06-29,230.5,231.17,222.27,228.49,82897200,0
2022-06-30,224.51,229.46,218.86,224.47,94600500,0
2022-07-01,227.0,230.23,222.12,227.26,74460300,0
2022-07-05,223.0,233.15,216.17,233.07,84581100,0
2022-07-06,230.78,234.56,227.19,231.73,71853600,0
2022-07-07,233.92,245.36,232.21,244.54,81930600,0
2022-07-08,242.33,254.98,241.16,250.76,101854200,0
2022-07-11,252.1,253.06,233.63,234.34,99241200,0
2022-07-12,236.85,239.77,228.37,233.07,87930900,0
2022-07-13,225.5,242.06,225.03,237.04,97954500,0
2022-07-14,234.9,238.65,229.33,238.31,78557400,0
2022-07-15,240.0,243.62,236.89,240.07,69683100,0
2022-07-18,244.94,250.52,239.6,240.55,82537500,0
2022-07-19,245.0,247.14,236.98,245.53,80890200,0
2022-07-20,246.78,250.66,243.48,247.5,88864200,0
2022-07-21,255.11,273.27,254.87,271.71,142032300,0
2022-07-22,276.22,280.79,270.71,272.24,103472700,0
2022-07-25,272.22,274.15,267.4,268.43,64073400,0
2022-07-26,266.51,267.31,256.26,258.86,66820800,0
2022-07-27,263.81,275.93,261.79,274.82,88110000,0
2022-07-28,280.07,283.3,272.8,280.9,84723000,0
2022-07-29,280.7,298.32,279.1,297.15,95313000,0
2022-08-01,301.28,311.88,295.0,297.28,117042900,0
2022-08-02,294.0,307.83,292.67,300.59,95577600,0
2022-08-03,305.0,309.55,301.15,307.4,80091000,0
2022-08-04,311.0,313.61,305.0,308.63,72256200,0
2022-08-05,302.67,304.61,285.54,288.17,113172900,0
2022-08-08,295.0,305.2,289.09,290.42,98994000,0
2022-08-09,290.29,292.4,279.35,283.33,86244600,0
2022-08-10,297.07,297.51,283.37,294.36,94918800,0
2022-08-11,296.51,298.24,285.83,286.63,70155000,0
2022-08-12,289.42,300.16,285.03,300.03,79657200,0
2022-08-15,301.79,313.13,301.23,309.32,89359200,0
2022-08-16,311.67,314.67,302.88,306.56,88136400,0
2022-08-17,303.4,309.66,300.03,304.0,68766000,0
2022-08-18,306.0,306.5,301.85,302.87,47500500,0
2022-08-19,299.0,300.36,292.5,296.67,61395300,0
2022-08-22,291.91,292.4,286.3,289.91,55843200,0
2022-08-23,291.45,298.83,287.92,296.45,63984900,0
2022-08-24,297.56,303.65,296.5,297.1,57259800,0
2022-08-25,302.36,302.96,291.6,296.07,53230000,0
2022-08-26,297.43,302.0,287.47,288.09,57163900,0
2022-08-29,282.83,287.74,280.7,284.82,41864700,0
2022-08-30,287.87,288.48,272.65,277.7,50541800,0
2022-08-31,280.62,281.25,271.81,275.61,52107300,0
2022-09-01,272.58,277.58,266.15,277.16,54287000,0
2022-09-02,281.07,282.35,269.08,270.21,50890100,0
2022-09-06,272.68,275.99,265.74,274.42,55860000,0
2022-09-07,273.1,283.84,272.27,283.7,50028900,0
2022-09-08,281.3,289.5,279.76,289.26,53713100,0
2022-09-09,291.67,299.85,291.25,299.68,54338100,0
2022-09-12,300.72,305.49,300.4,304.42,48674600,0
2022-09-13,292.9,297.4,290.4,292.13,68229600,0
2022-09-14,292.24,306.0,291.64,302.61,72628700,0
2022-09-15,301.83,309.12,300.72,303.75,64795500,0
2022-09-16,299.61,303.71,295.6,303.35,87087800,0
2022-09-19,300.09,309.84,297.8,309.07,60231200,0
2022-09-20,306.91,313.33,305.58,308.73,61642800,0
2022-09-21,308.29,313.8,300.63,300.8,62555700,0
2022-09-22,299.86,301.29,285.82,288.59,70545400,0
2022-09-23,283.09,284.5,272.82,275.33,63748400,0
2022-09-26,271.83,284.09,270.31,276.01,58076900,0
2022-09-27,283.84,288.67,277.51,282.94,61925200,0
2022-09-28,283.08,289.0,277.57,287.81,54664800,0
2022-09-29,282.76,283.65,265.78,268.21,77620600,0
2022-09-30,266.15,275.57,262.47,265.25,67726600,0
2022-10-03,254.5,255.16,241.01,242.4,98363500,0
2022-10-04,250.52,257.5,242.01,249.44,109578500,0
2022-10-05,245.01,246.67,233.27,240.81,86982700,0
2022-10-06,239.44,244.58,235.35,238.13,69298400,0
2022-10-07,233.94,234.57,222.02,223.07,83916800,0
2022-10-10,223.93,226.99,218.36,222.96,67925000,0
2022-10-11,220.95,225.75,215.0,216.5,77013200,0
2022-10-12,215.33,219.3,211.51,217.24,66860700,0
2022-10-13,208.3,222.99,206.22,221.72,91483000,0
2022-10-14,224.01,226.26,204.16,204.99,94124500,0
2022-10-17,210.04,221.86,209.45,219.35,79428800,0
2022-10-18,229.5,229.82,217.25,220.19,75891900,0
2022-10-19,219.8,222.93,217.78,222.04,66571500,0
2022-10-20,208.28,215.55,202.0,207.28,117798100,0
2022-10-21,206.42,214.66,203.8,214.44,75713800,0
2022-10-24,205.82,213.5,198.59,211.25,100446800,0
2022-10-25,210.1,224.35,210.0,222.42,96507900,0
2022-10-26,219.4,230.6,218.2,224.64,85012500,0
2022-10-27,229.77,233.81,222.85,225.09,61638800,0
2022-10-28,225.4,228.86,216.35,228.52,69152400,0
2022-10-31,226.19,229.85,221.94,227.54,61554300,0
2022-11-01,234.05,237.4,227.28,227.82,62688800,0
2022-11-02,226.04,227.87,214.82,214.98,63070300,0
2022-11-03,211.36,221.2,210.14,215.31,56538800,0
2022-11-04,222.6,223.8,203.08,207.47,98622200,0
2022-11-07,208.65,208.9,196.66,197.08,93916500,0
2022-11-08,194.02,195.2,186.75,191.3,128803400,0
2022-11-09,190.78,195.89,177.12,177.59,127062700,0
2022-11-10,189.9,191.0,180.03,190.72,132703000,0
2022-11-11,186.0,196.52,182.59,195.97,114403600,0
2022-11-14,192.77,195.73,186.34,190.95,92226600,0
2022-11-15,195.88,200.82,192.06,194.42,91293800,0
2022-11-16,191.51,192.57,185.66,186.92,66567600,0
2022-11-17,183.96,186.16,180.9,183.17,64336000,0
2022-11-18,185.05,185.19,176.55,180.19,76048900,0
2022-11-21,175.85,176.77,167.54,167.87,92882700,0
2022-11-22,168.63,170.92,166.19,169.91,78452300,0
2022-11-23,173.57,183.62,172.5,183.2,109536700,0
2022-11-25,185.06,185.2,180.63,182.86,50672700,0
2022-11-28,179.96,188.5,179.0,182.92,92905200,0
2022-11-29,184.99,186.38,178.75,180.83,83357100,0
2022-11-30,182.43,194.76,180.63,194.7,109186400,0
2022-12-01,197.08,198.92,191.8,194.7,80046200,0
2022-12-02,191.78,196.25,191.11,194.86,73645900,0
2022-12-05,189.44,191.27,180.55,182.45,93122700,0
2022-12-06,181.22,183.65,175.33,179.82,92150800,0
2022-12-07,175.03,179.38,172.22,174.04,84213300,0
2022-12-08,172.2,175.2,169.06,173.44,97624500,0
2022-12-09,173.84,182.5,173.36,179.05,104872300,0
2022-12-12,176.1,177.37,167.52,167.82,109794500,0
2022-12-13,174.87,175.05,156.91,160.95,175862700,0
2022-12-14,159.25,161.62,155.31,156.8,140682300,0
2022-12-15,153.44,160.93,153.28,157.67,122334500,0
2022-12-16,159.64,160.99,150.04,150.23,139032200,0
2022-12-19,154.0,155.25,145.82,149.87,139390600,0
2022-12-20,146.05,148.47,137.66,137.8,159563300,0
2022-12-21,139.34,141.26,135.89,137.57,145417400,0
2022-12-22,136.0,136.63,122.26,125.35,210090300,0
2022-12-23,126.37,128.62,121.02,123.15,166989700,0
2022-12-27,117.5,119.67,108.76,109.1,208643400,0
2022-12-28,110.35,116.27,108.24,112.71,221070500,0
2022-12-29,120.39,123.57,117.5,121.82,221923300,0
2022-12-30,119.95,124.48,119.75,123.18,157777300,0
2023-01-03,118.47,118.8,104.64,108.1,231402800,0
2023-01-04,109.11,114.59,107.52,113.64,180389000,0
2023-01-05,110.51,111.75,107.16,110.34,157986300,0
2023-01-06,103.0,114.39,101.81,113.06,220911100,0
2023-01-09,118.96,123.52,117.11,119.77,190284000,0
2023-01-10,121.07,122.76,114.92,118.85,167642500,0
2023-01-11,122.09,125.95,120.51,123.22,183810800,0
2023-01-12,122.56,124.13,117.0,123.56,169400900,0
2023-01-13,116.55,122.63,115.6,122.4,180714100,0
2023-01-17,125.7,131.7,125.02,131.49,186477000,0
2023-01-18,136.56,136.68,127.01,128.78,195680300,0
2023-01-19,127.26,129.99,124.31,127.17,170291900,0
2023-01-20,128.68,133.51,127.35,133.42,138858100,0
2023-01-23,135.87,145.38,134.27,143.75,203119200,0
2023-01-24,143.0,146.5,141.1,143.89,158699100,0
2023-01-25,141.91,146.41,138.07,144.43,192734300,0
2023-01-26,159.97,161.42,154.76,160.27,234815100,0
2023-01-27,162.43,180.68,161.17,177.9,306590600,0
2023-01-30,178.05,179.77,166.5,166.66,230878800,0
2023-01-31,164.57,174.3,162.78,173.22,196813500,0
2023-02-01,173.89,183.81,169.93,181.41,213806300,0
2023-02-02,187.33,196.75,182.61,188.27,217448300,0
2023-02-03,183.95,199.0,183.69,189.98,232662000,0
2023-02-06,193.01,198.17,189.92,194.76,186188100,0
2023-02-07,196.43,197.5,189.55,196.81,186010300,0
2023-02-08,196.1,203.0,194.31,201.29,180673600,0
2023-02-09,207.78,214.0,204.77,207.32,215431400,0
2023-02-10,202.23,206.2,192.89,196.89,204754100,0
2023-02-13,194.42,196.3,187.61,194.64,172475500,0
2023-02-14,191.94,209.82,189.44,209.25,216455700,0
2023-02-15,211.76,214.66,206.11,214.24,181006400,0
2023-02-16,210.78,217.65,201.84,202.04,229586500,0
2023-02-17,199.99,208.44,197.5,208.31,213738500,0
2023-02-21,204.99,209.71,197.22,197.37,180018600,0
2023-02-22,197.93,201.99,191.78,200.86,191828500,0
2023-02-23,203.91,205.14,196.33,202.07,146360000,0
2023-02-24,196.33,197.67,192.8,196.88,142228100,0
2023-02-27,202.03,209.42,201.26,207.63,161028300,0
2023-02-28,210.59,211.23,203.75,205.71,153144900,0
2023-03-01,206.21,207.2,198.52,202.77,156852800,0
2023-03-02,186.74,193.75,186.01,190.9,181500700,0
2023-03-03,194.8,200.48,192.88,197.79,154193300,0
2023-03-06,198.54,198.6,192.3,193.81,128100100,0
2023-03-07,191.38,194.2,186.1,187.71,148125800,0
2023-03-08,185.04,186.5,180.0,182.0,151897800,0
2023-03-09,180.25,185.18,172.51,172.92,170023800,0
2023-03-10,175.13,178.29,168.44,173.44,191488900,0
2023-03-13,167.46,177.35,163.91,174.48,167790300,0
2023-03-14,177.31,183.8,177.14,183.26,143717900,0
2023-03-15,180.8,182.34,176.03,180.45,145995600,0
2023-03-16,180.37,185.81,178.84,184.13,121136800,0
2023-03-17,184.52,186.22,177.33,180.13,133197100,0
2023-03-20,178.08,186.44,176.35,183.25,129684400,0
2023-03-21,188.28,198.0,188.04,197.58,153391400,0
2023-03-22,199.3,200.66,190.95,191.15,150376400,0
2023-03-23,195.26,199.31,188.65,192.22,144193900,0
2023-03-24,191.65,192.36,187.15,190.41,116312400,0
2023-03-27,194.42,197.39,189.94,191.81,120851600,0
2023-03-28,192.0,192.35,185.43,189.19,98654600,0
2023-03-29,193.13,195.29,189.44,193.88,123660000,0
2023-03-30,195.58,197.33,194.42,195.28,110252200,0
2023-03-31,197.53,207.79,197.2,207.46,170222100,0
2023-04-03,199.91,202.69,192.2,194.77,169545900,0
2023-04-04,197.32,198.74,190.32,192.58,126463800,0
2023-04-05,190.52,190.68,183.76,185.52,133882500,0
2023-04-06,183.08,186.39,179.74,185.06,123857900,0
2023-04-10,179.94,185.1,176.11,184.51,142154600,0
2023-04-11,186.69,189.19,185.65,186.79,115770900,0
2023-04-12,190.74,191.58,180.31,180.54,150256300,0
2023-04-13,182.96,186.5,180.94,185.9,112933000,0
2023-04-14,183.95,186.28,182.01,185.0,96438700,0
2023-04-17,186.32,189.69,182.69,187.04,116662200,0
2023-04-18,187.15,187.69,183.58,184.31,92067000,0
2023-04-19,179.1,183.5,177.65,180.59,125732700,0
2023-04-20,166.17,169.7,160.56,162.99,210970800,0
2023-04-21,164.8,166.0,161.32,165.08,123539000,0
2023-04-24,164.65,165.65,158.61,162.55,140006600,0
2023-04-25,159.82,163.47,158.75,160.67,121999300,0
2023-04-26,160.29,160.67,153.14,153.75,153364100,0
2023-04-27,152.64,160.48,152.37,160.19,127015200,0
2023-04-28,160.9,165.0,157.32,164.31,122515800,0
2023-05-01,163.17,163.28,158.83,161.83,109015000,0
2023-05-02,161.88,165.49,158.93,160.31,128259700,0
2023-05-03,160.01,165.0,159.91,160.61,119728000,0
2023-05-04,162.71,162.95,159.65,161.2,95108500,0
2023-05-05,163.97,170.79,163.51,170.06,107440900,0
2023-05-08,173.72,173.8,169.19,171.79,112249400,0
2023-05-09,168.95,169.82,166.56,169.15,88965000,0
2023-05-10,172.55,174.43,166.68,168.54,119840700,0
2023-05-11,168.7,173.57,166.79,172.08,103889900,0
2023-05-12,176.07,177.38,167.23,167.98,157577100,0
2023-05-15,167.66,169.76,164.55,166.35,105592500,0
2023-05-16,165.65,169.52,164.35,166.52,98288800,0
2023-05-17,168.41,174.5,167.19,173.86,125473600,0
2023-05-18,174.22,177.06,172.45,176.89,109520300,0
2023-05-19,177.17,181.95,176.31,180.14,136024200,0
2023-05-22,180.7,189.32,180.11,188.87,132001400,0
2023-05-23,186.2,192.96,185.26,185.77,156952100,0
2023-05-24,182.23,184.22,178.22,182.9,137605100,0
2023-05-25,186.54,186.78,180.58,184.47,96870700,0
2023-05-26,184.62,198.6,184.53,193.17,162061500,0
2023-05-30,200.1,204.48,197.53,201.16,128818700,0
2023-05-31,199.78,203.95,195.12,203.93,150711700,0
2023-06-01,202.59,209.8,199.37,207.52,148029900,0
2023-06-02,210.15,217.25,209.75,213.97,164129000,0
2023-06-05,217.8,221.29,214.52,217.61,151143100,0
2023-06-06,216.14,221.91,212.53,221.31,146911600,0
2023-06-07,228.0,230.83,223.2,224.57,185710800,0
2023-06-08,224.22,235.23,223.01,234.86,164489700,0
2023-06-09,249.07,252.42,242.02,244.4,199882300,0
2023-06-12,247.94,250.97,244.59,249.83,150337900,0
2023-06-13,253.51,259.68,251.34,258.71,162384300,0
2023-06-14,260.17,261.57,250.5,256.79,170575500,0
2023-06-15,248.4,258.95,247.29,255.9,160171200,0
2023-06-16,258.92,263.6,257.21,260.54,167563700,0
2023-06-20,261.5,274.75,261.12,274.45,165611200,0
2023-06-21,275.13,276.99,257.78,259.46,211797100,0
2023-06-22,250.77,265.0,248.25,264.61,166875900,0
2023-06-23,259.29,262.45,252.8,256.6,176584100,0
2023-06-26,250.07,258.37,240.7,241.05,179990600,0
2023-06-27,243.24,250.39,240.85,250.21,164968200,0
2023-06-28,249.7,259.88,248.89,256.24,159770800,0
2023-06-29,258.03,260.74,253.61,257.5,131283400,0
2023-06-30,260.6,264.45,259.89,261.77,112267600,0
2023-07-03,276.49,284.25,275.11,279.82,119685900,0
2023-07-05,278.82,283.85,277.6,282.48,131530900,0
2023-07-06,278.09,279.97,272.88,276.54,120332100,0
2023-07-07,278.43,280.78,273.77,274.43,113602000,0
2023-07-10,276.47,277.52,265.1,269.61,119425400,0
2023-07-11,268.65,270.9,266.37,269.79,91972400,0
2023-07-12,276.33,276.52,271.46,271.99,95672100,0
2023-07-13,274.59,279.45,270.6,277.9,112681500,0
2023-07-14,277.01,285.3,276.31,281.38,119771100,0
2023-07-17,286.63,292.23,283.57,290.38,131569600,0
2023-07-18,290.15,295.26,286.01,293.34,112434700,0
2023-07-19,296.04,299.29,289.52,291.26,142355400,0
2023-07-20,279.56,280.93,261.2,262.9,175158300,0
2023-07-21,268.0,268.0,255.8,260.02,161050100,0
2023-07-24,255.85,269.85,254.12,269.06,136508500,0
2023-07-25,272.38,272.9,265.0,265.28,112757300,0
2023-07-26,263.25,268.04,261.75,264.35,95856200,0
2023-07-27,268.31,269.13,255.3,255.71,103697300,0
2023-07-28,259.86,267.25,258.23,266.44,111446000,0
2023-07-31,267.48,269.08,263.78,267.43,84582200,0
2023-08-01,266.26,266.47,260.25,261.07,83166000,0
2023-08-02,255.57,259.52,250.49,254.11,101752900,0
2023-08-03,252.04,260.49,252.0,259.32,97569100,0
2023-08-04,260.97,264.77,253.11,253.86,99242600,0
2023-08-07,251.45,253.65,242.76,251.45,111097900,0
2023-08-08,247.45,250.92,245.01,249.7,96642200,0
2023-08-09,250.87,251.1,241.9,242.19,101596300,0
2023-08-10,245.4,251.8,243.0,245.34,109498600,0
2023-08-11,241.77,243.79,238.02,242.65,98866600,0
2023-08-14,235.7,240.66,233.75,239.76,98595300,0
2023-08-15,238.73,240.5,232.61,232.96,88197600,0
2023-08-16,228.02,233.97,225.38,225.6,112484500,0
2023-08-17,226.06,226.74,218.83,219.22,120718400,0
2023-08-18,214.12,217.58,212.36,215.49,135813700,0
2023-08-21,221.55,232.13,220.58,231.28,135702700,0
2023-08-22,240.25,240.82,229.55,233.19,130597900,0
2023-08-23,229.34,238.98,229.29,236.86,101077600,0
2023-08-24,238.66,238.92,228.18,230.04,99777400,0
2023-08-25,231.31,239.0,230.35,238.59,106612200,0
2023-08-28,242.58,244.38,235.35,238.82,107673700,0
2023-08-29,238.58,257.48,237.77,257.18,134047600,0
2023-08-30,254.2,260.51,250.59,256.9,121988400,0
2023-08-31,255.98,261.18,255.05,258.08,108861700,0
2023-09-01,257.26,259.08,242.01,245.01,132272500,0
2023-09-05,245.0,258.0,244.86,256.49,129469600,0
2023-09-06,255.14,255.39,245.06,251.92,116959800,0
2023-09-07,245.07,252.81,243.27,251.49,115312900,0
2023-09-08,251.22,256.52,246.67,248.5,118367700,0
2023-09-11,264.27,274.85,260.61,273.58,174667900,0
2023-09-12,270.76,278.39,266.6,267.48,135999900,0
2023-09-13,270.07,274.98,268.1,271.3,111673700,0
2023-09-14,271.32,276.71,270.42,276.04,107709800,0
2023-09-15,277.55,278.98,271.0,274.39,133422800,0
2023-09-18,271.16,271.44,263.76,265.28,101543300,0
2023-09-19,264.35,267.85,261.2,266.5,103704000,0
2023-09-20,267.04,273.93,262.46,262.59,122514600,0
2023-09-21,257.85,260.86,254.21,255.7,119531000,0
2023-09-22,257.4,257.79,244.48,244.88,127524100,0
2023-09-25,243.38,247.1,238.31,246.99,104636600,0
2023-09-26,242.98,249.55,241.66,244.12,101993600,0
2023-09-27,244.26,245.33,234.58,240.5,136597200,0
2023-09-28,240.02,247.55,238.65,246.38,117058900,0
2023-09-29,250.0,254.77,246.35,250.22,128346200,0
2023-10-02,244.81,254.28,242.62,251.6,123810400,0
2023-10-03,248.61,250.02,244.45,246.53,101985300,0
2023-10-04,248.14,261.86,247.6,261.16,129721600,0
2023-10-05,260.0,263.6,256.25,260.05,119159200,0
2023-10-06,253.98,261.65,250.65,260.53,117947000,0
2023-10-09,255.31,261.36,252.05,259.67,101377900,0
2023-10-10,257.75,268.94,257.65,263.62,122656000,0
2023-10-11,266.2,268.6,260.9,262.99,103706300,0
2023-10-12,262.92,265.41,256.63,258.87,111508100,0
2023-10-13,258.9,259.6,250.22,251.12,102073800,0
2023-10-16,250.05,255.4,248.48,253.92,88917200,0
2023-10-17,250.1,257.18,247.08,254.85,93562900,0
2023-10-18,252.7,254.63,242.08,242.68,125147800,0
2023-10-19,225.95,230.61,216.78,220.11,170772700,0
2023-10-20,217.01,218.86,210.42,211.99,137734000,0
2023-10-23,210.0,216.98,202.51,212.08,150683400,0
2023-10-24,216.5,222.05,214.11,216.52,118231100,0
2023-10-25,215.88,220.1,212.2,212.42,107065100,0
2023-10-26,211.32,214.8,204.88,205.76,115112600,0
2023-10-27,210.6,212.41,205.77,207.3,94881200,0
2023-10-30,209.28,210.88,194.67,197.36,136448200,0
2023-10-31,196.12,202.8,194.07,200.84,118068300,0
2023-11-01,204.04,205.99,197.85,205.66,121661700,0
2023-11-02,212.97,219.2,211.45,218.51,125987600,0
2023-11-03,221.15,226.37,218.4,219.96,119281000,0
2023-11-06,223.98,226.32,215.0,219.27,117335800,0
2023-11-07,219.98,223.12,215.72,222.18,116900100,0
2023-11-08,223.15,224.15,217.64,222.11,106584800,0
2023-11-09,219.75,220.8,206.68,209.98,142110500,0
2023-11-10,210.03,215.38,205.69,214.65,130994000,0
2023-11-13,215.6,225.4,211.61,223.71,140447600,0
2023-11-14,235.03,238.14,230.72,237.41,149771600,0
2023-11-15,239.29,246.7,236.45,242.84,150354000,0
2023-11-16,239.49,240.88,230.96,233.59,136816800,0
2023-11-17,232.0,237.39,226.54,234.3,142532800,0
2023-11-20,234.04,237.1,231.02,235.6,116320100,0
2023-11-21,235.04,243.62,233.34,241.2,122288000,0
2023-11-22,242.04,244.01,231.4,234.21,117950600,0
2023-11-24,233.75,238.75,232.33,235.45,65125200,0
2023-11-27,236.89,238.33,232.1,236.08,112031800,0
2023-11-28,236.68,247.0,234.01,246.72,148549900,0
2023-11-29,249.21,252.75,242.76,244.14,135401300,0
2023-11-30,245.14,245.22,236.91,240.08,132353200,0
2023-12-01,233.14,240.19,231.9,238.83,121173500,0
2023-12-04,235.75,239.37,233.29,235.58,104099800,0
2023-12-05,233.87,246.66,233.7,238.72,137971100,0
2023-12-06,242.92,246.57,239.17,239.37,126436200,0
2023-12-07,241.55,244.08,236.98,242.64,107142300,0
2023-12-08,240.27,245.27,239.27,243.84,102980100,0
2023-12-11,242.74,243.44,237.45,239.74,97913900,0
2023-12-12,238.55,238.99,233.87,237.01,95328300,0
2023-12-13,234.19,240.3,228.2,239.29,146286300,0
2023-12-14,241.22,253.88,240.79,251.05,160829200,0
2023-12-15,251.21,254.13,248.3,253.5,135720800,0
2023-12-18,253.78,258.74,251.36,252.08,116416500,0
2023-12-19,253.48,258.34,253.01,257.22,106737400,0
2023-12-20,256.41,259.84,247.0,247.14,125097000,0
2023-12-21,251.9,254.8,248.55,254.5,109594200,0
2023-12-22,256.76,258.22,251.37,252.54,93249800,0
2023-12-26,254.49,257.97,252.91,256.61,86892400,0
2023-12-27,258.35,263.34,257.52,261.44,106494400,0
2023-12-28,263.66,265.13,252.71,253.18,113619900,0
2023-12-29,255.1,255.19,247.43,248.48,100615300,0
2024-01-02,250.08,251.25,244.41,248.42,104654200,0
2024-01-03,244.98,245.68,236.32,238.45,121082600,0
2024-01-04,239.25,242.7,237.73,237.93,102629300,0
2024-01-05,236.86,240.12,234.9,237.49,92379400,0
2024-01-08,236.14,241.25,235.3,240.45,85166600,0
2024-01-09,238.11,238.96,232.04,234.96,96705700,0
2024-01-10,235.1,235.5,231.29,233.94,91628500,0
2024-01-11,230.57,230.93,225.37,227.22,105873600,0
2024-01-12,220.08,225.34,217.15,218.89,122889000,0
2024-01-16,215.1,223.49,212.18,219.91,115355000,0
2024-01-17,214.86,215.67,212.01,215.55,103164400,0
2024-01-18,216.88,217.45,208.74,211.88,108595400,0
2024-01-19,209.99,213.19,207.56,212.19,102095800,0
2024-01-22,212.26,217.8,206.27,208.8,117952500,0
2024-01-23,211.3,215.65,207.75,209.14,106605900,0
2024-01-24,211.88,212.73,206.77,207.83,123369900,0
2024-01-25,189.7,193.0,180.06,182.63,198076800,0
2024-01-26,185.5,186.78,182.1,183.25,107343200,0
2024-01-29,185.63,191.48,183.67,190.93,125013100,0
2024-01-30,195.33,196.36,190.61,191.59,109982300,0
2024-01-31,187.0,193.97,185.85,187.29,103221400,0
2024-02-01,188.5,189.88,184.28,188.86,91843300,0
2024-02-02,185.04,188.69,182.0,187.91,110505100,0
2024-02-05,184.26,184.68,175.01,181.06,134294400,0
2024-02-06,177.21,186.49,177.11,185.1,122676000,0
2024-02-07,188.18,189.79,182.68,187.58,111535200,0
2024-02-08,189.0,191.62,185.58,189.56,83034000,0
2024-02-09,190.18,194.12,189.48,193.57,84476300,0
2024-02-12,192.11,194.73,187.28,188.13,95498600,0
2024-02-13,183.99,187.26,182.11,184.02,86759500,0
2024-02-14,185.3,188.89,183.35,188.71,81203000,0
2024-02-15,189.16,200.88,188.86,200.45,120831800,0
2024-02-16,202.06,203.17,197.4,199.95,111173600,0
2024-02-20,196.13,198.6,189.13,193.76,104545800,0
2024-02-21,193.36,199.44,191.95,194.77,103844000,0
2024-02-22,194.0,198.32,191.36,197.41,92739500,0
2024-02-23,195.31,197.57,191.5,191.97,78841900,0
2024-02-26,192.29,201.78,192.0,199.4,111747100,0
2024-02-27,204.04,205.6,198.26,199.73,108645400,0
2024-02-28,200.42,205.3,198.44,202.04,99806200,0
2024-02-29,204.18,205.28,198.45,201.88,85907000,0
2024-03-01,200.52,204.52,198.5,202.64,82099200,0
2024-03-04,198.73,199.75,186.72,188.14,134334900,0
2024-03-05,183.05,184.59,177.57,180.74,119660800,0
2024-03-06,179.99,181.58,173.7,176.54,107920900,0
2024-03-07,174.35,180.04,173.7,178.65,102129000,0
2024-03-08,181.5,182.73,174.7,175.34,85315300,0
2024-03-11,175.45,182.87,174.8,177.77,85391500,0
2024-03-12,177.77,179.43,172.41,177.54,87391700,0
2024-03-13,173.05,176.05,169.15,169.48,106524500,0
2024-03-14,167.77,171.17,160.51,162.5,126325700,0
2024-03-15,163.16,165.18,160.76,163.57,96971900,0
2024-03-18,170.02,174.72,165.9,173.8,108214400,0
2024-03-19,172.36,172.82,167.42,171.32,77271400,0
2024-03-20,173.0,176.25,170.82,175.66,83846700,0
2024-03-21,176.39,178.18,171.8,172.82,73178000,0
2024-03-22,166.69,171.2,166.3,170.83,75454700,0
2024-03-25,168.76,175.24,168.73,172.63,74228600,0
2024-03-26,178.58,184.25,177.38,177.67,113186200,0
2024-03-27,181.41,181.91,176.0,179.83,81804000,0
2024-03-28,177.45,179.57,175.3,175.79,77654800,0
2024-04-01,176.17,176.75,170.21,175.22,81562100,0
2024-04-02,164.75,167.69,163.43,166.63,116650600,0
2024-04-03,164.02,168.82,163.28,168.38,82950100,0
2024-04-04,170.07,177.19,168.01,171.11,123162000,0
2024-04-05,169.08,170.86,160.51,164.9,141250700,0
2024-04-08,169.34,174.5,167.79,172.98,104423300,0
2024-04-09,172.91,179.22,171.92,176.88,103232700,0
2024-04-10,173.04,174.93,170.01,171.76,84532400,0
2024-04-11,172.55,175.88,168.51,174.6,94516000,0
2024-04-12,172.34,173.81,170.36,171.05,64506600,0
2024-04-15,170.24,170.69,161.38,161.48,100245300,0
2024-04-16,156.74,158.19,153.75,157.11,97000000,0
2024-04-17,157.64,158.33,153.78,155.45,82439700,0
2024-04-18,151.25,152.2,148.7,149.93,96098800,0
2024-04-19,148.97,150.94,146.22,147.05,86005100,0
2024-04-22,140.56,144.44,138.8,142.05,107097600,0
2024-04-23,143.33,147.26,141.11,144.68,124545100,0
2024-04-24,162.84,167.97,157.51,162.13,181178000,0
2024-04-25,158.96,170.88,158.36,170.18,126427500,0
2024-04-26,168.85,172.12,166.37,168.29,109815700,0
2024-04-29,188.42,198.87,184.54,194.05,243869700,0
2024-04-30,186.98,190.95,182.84,183.28,127031800,0
2024-05-01,182.0,185.86,179.01,179.99,92829700,0
2024-05-02,182.86,184.6,176.02,180.01,89148000,0
2024-05-03,182.1,184.78,178.42,181.19,75491500,0
2024-05-06,183.8,187.56,182.2,184.76,84390300,0
2024-05-07,182.4,183.26,177.4,177.81,75045900,0
2024-05-08,171.59,176.06,170.15,174.72,79969500,0
2024-05-09,175.01,175.62,171.37,171.97,65950300,0
2024-05-10,173.05,173.06,167.75,168.47,72627200,0
2024-05-13,170.0,175.4,169.0,171.89,67018900,0
2024-05-14,174.5,179.49,174.07,177.55,86407400,0
2024-05-15,179.9,180.0,173.11,173.99,79663000,0
2024-05-16,174.1,175.79,171.43,174.84,59812200,0
2024-05-17,173.55,179.63,172.75,177.46,77445800,0
2024-05-20,177.56,177.75,173.52,174.95,61727400,0
2024-05-21,175.51,186.88,174.71,186.6,115266500,0
2024-05-22,182.85,183.8,178.12,180.11,88313500,0
2024-05-23,181.8,181.9,173.26,173.74,71975500,0
2024-05-24,174.84,180.08,173.73,179.24,65479700,0
2024-05-28,176.4,178.25,173.16,176.75,59736600,0
2024-05-29,174.19,178.15,173.93,176.19,54782600,0
2024-05-30,178.58,182.67,175.38,178.79,77784800,0
2024-05-31,178.5,180.32,173.82,178.08,67314600,0
2024-06-03,178.13,182.64,174.49,176.29,68568900,0
2024-06-04,174.78,177.76,174.0,174.77,60056300,0
2024-06-05,175.35,176.15,172.13,175.0,57953800,0
2024-06-06,174.6,179.73,172.73,177.94,69887000,0
2024-06-07,176.13,179.35,175.58,177.48,56244900,0
2024-06-10,176.06,178.57,173.17,173.79,50869700,0
2024-06-11,173.92,174.75,167.41,170.66,64761900,0
2024-06-12,171.12,180.55,169.8,177.29,90389400,0
2024-06-13,188.39,191.08,181.23,182.47,118984100,0
2024-06-14,185.8,186.0,176.92,178.01,82038200,0
2024-06-17,177.92,188.81,177.0,187.44,109786100,0
2024-06-18,186.56,187.2,182.37,184.86,68982300,0
2024-06-20,184.68,185.21,179.66,181.57,55893100,0
2024-06-21,182.3,183.95,180.69,183.01,63029500,0
2024-06-24,184.97,188.8,182.55,182.58,61992100,0
2024-06-25,184.4,187.97,182.01,187.35,63678300,0
2024-06-26,186.54,197.76,186.36,196.37,95737100,0
2024-06-27,195.17,198.72,194.05,197.42,72746500,0
2024-06-28,199.55,203.2,195.26,197.88,95438100,0
2024-07-01,201.02,213.23,200.85,209.86,135691400,0
2024-07-02,218.89,231.3,218.06,231.26,205047900,0
2024-07-03,234.56,248.35,234.25,246.39,166561500,0
2024-07-05,249.81,252.37,242.46,251.52,154501200,0
2024-07-08,247.71,259.44,244.57,252.94,157219600,0
2024-07-09,251.0,265.61,250.3,262.33,160210900,0
2024-07-10,262.8,267.59,257.86,263.26,128519400,0
2024-07-11,263.3,271.0,239.65,241.03,221707300,0
2024-07-12,235.8,251.84,233.09,248.23,155955800,0
2024-07-15,255.97,265.6,251.73,252.64,146912900,0
2024-07-16,255.31,258.62,245.8,256.56,126332500,0
2024-07-17,252.73,258.47,246.18,248.5,115584800,0
2024-07-18,251.09,257.14,247.2,249.23,110869000,0
2024-07-19,247.79,249.44,236.83,239.2,87403900,0
2024-07-22,244.21,253.21,243.75,251.51,101225400,0
2024-07-23,253.6,255.76,245.63,246.38,111928200,0
2024-07-24,225.42,225.99,214.71,215.99,167942900,0
2024-07-25,216.8,226.0,216.23,220.25,100636500,0
2024-07-26,221.19,222.28,215.33,219.8,94604100,0
2024-07-29,224.9,234.27,224.7,232.1,129201800,0
2024-07-30,232.25,232.41,220.0,222.62,100560300,0
2024-07-31,227.9,234.68,226.79,232.07,67497000,0
2024-08-01,227.69,231.87,214.33,216.86,83861900,0
2024-08-02,214.88,216.13,205.78,207.67,82880100,0
2024-08-05,185.22,203.88,182.0,198.88,100308800,0
2024-08-06,200.75,202.9,192.67,200.64,73783900,0
2024-08-07,200.77,203.49,191.48,191.76,71159800,0
2024-08-08,195.7,200.7,192.04,198.84,65033900,0
2024-08-09,197.05,200.88,195.11,200.0,58648300,0
2024-08-12,199.02,199.26,194.67,197.49,64044900,0
2024-08-13,198.47,208.49,197.06,207.83,76247400,0
2024-08-14,207.39,208.44,198.75,201.38,70250000,0
2024-08-15,205.02,215.88,204.82,214.14,89848500,0
2024-08-16,211.15,219.8,210.8,216.12,88765100,0
2024-08-19,217.07,222.98,214.09,222.72,76435200,0
2024-08-20,224.88,228.22,219.56,221.1,74001200,0
2024-08-21,222.67,224.66,218.86,223.27,70146000,0
2024-08-22,223.82,224.8,210.32,210.66,79514500,0
2024-08-23,214.46,221.48,214.21,220.32,81525200,0
2024-08-26,218.75,219.09,211.01,213.21,59301200,0
2024-08-27,213.25,215.66,206.94,209.21,62821400,0
2024-08-28,209.72,211.84,202.59,205.75,64116400,0
2024-08-29,209.8,214.89,205.97,206.28,62308800,0
2024-08-30,208.63,214.57,207.03,214.11,63370600,0
2024-09-03,215.26,219.9,209.64,210.6,76714200,0
2024-09-04,210.59,222.22,210.57,219.41,80651800,0
2024-09-05,223.49,235.0,222.25,230.17,119355000,0
2024-09-06,232.6,233.6,210.51,210.73,112177000,0
2024-09-09,216.2,219.87,213.67,216.27,67443500,0
2024-09-10,220.07,226.4,218.64,226.17,78891100,0
2024-09-11,224.55,228.47,216.8,228.13,83548600,0
2024-09-12,224.66,231.45,223.83,229.81,72020000,0
2024-09-13,228.0,232.67,226.32,230.29,59515100,0
2024-09-16,229.3,229.96,223.53,226.78,54323000,0
2024-09-17,229.45,234.57,226.55,227.87,66761600,0
2024-09-18,230.09,235.68,226.88,227.2,78010200,0
2024-09-19,234.0,244.24,232.13,243.92,102694600,0
2024-09-20,241.52,243.99,235.92,238.25,99879100,0
2024-09-23,242.61,250.0,241.92,250.0,86927200,0
2024-09-24,254.08,257.19,249.05,254.27,88491000,0
2024-09-25,252.54,257.05,252.28,257.02,65034300,0
2024-09-26,260.6,261.75,251.53,254.22,67142200,0
2024-09-27,257.38,260.7,254.12,260.46,70988100,0
2024-09-30,259.04,264.86,255.77,261.63,80705700,0
2024-10-01,262.67,263.98,248.53,258.02,87397600,0
2024-10-02,247.55,251.16,241.5,249.02,93983900,0
2024-10-03,244.48,249.79,237.81,240.66,80729200,0
2024-10-04,246.69,250.96,244.58,250.08,86573200,0
2024-10-07,249.0,249.83,240.7,240.83,68113300,0
2024-10-08,243.56,246.21,240.56,244.5,56303200,0
2024-10-09,243.82,247.43,239.51,241.05,66289500,0
2024-10-10,241.81,242.79,232.34,238.77,83087100,0
2024-10-11,220.13,223.34,214.38,217.8,142628900,0
2024-10-14,220.13,221.91,213.74,219.16,86291900,0
2024-10-15,220.01,224.26,217.12,219.57,62988800,0
2024-10-16,221.4,222.82,218.93,221.33,49632800,0
2024-10-17,221.59,222.08,217.9,220.89,50791800,0
2024-10-18,220.71,222.28,219.23,220.7,49611900,0
2024-10-21,218.9,220.48,215.73,218.85,47329000,0
2024-10-22,217.31,218.22,215.26,217.97,43268700,0
2024-10-23,217.13,218.72,212.11,213.65,80938900,0
2024-10-24,244.68,262.12,242.65,260.48,204491900,0
2024-10-25,256.01,269.49,255.32,269.19,161611900,0
2024-10-28,270.0,273.54,262.24,262.51,107653600,0
2024-10-29,264.51,264.98,255.51,259.52,80521800,0
2024-10-30,258.04,263.35,255.82,257.55,53993600,0
2024-10-31,257.99,259.75,249.25,249.85,66575300,0
2024-11-01,252.04,254.0,246.63,248.98,57544800,0
2024-11-04,244.56,248.9,238.88,242.84,68802400,0
2024-11-05,247.34,255.28,246.21,251.44,69282500,0
2024-11-06,284.67,289.59,275.62,288.53,165228700,0
2024-11-07,288.89,299.75,285.52,296.91,117309200,0
2024-11-08,299.14,328.71,297.66,321.22,204782800,0
2024-11-11,346.3,358.64,336.0,350.0,210521600,0
2024-11-12,342.74,345.84,323.31,328.49,155726000,0
2024-11-13,335.85,344.6,322.5,330.24,125405600,0
2024-11-14,327.69,329.98,310.37,311.18,120726100,0
2024-11-15,310.57,324.68,309.22,320.72,114440300,0
2024-11-18,340.73,348.55,330.01,338.74,126547500,0
2024-11-19,335.76,347.38,332.75,346.0,88852500,0
2024-11-20,345.0,346.6,334.3,342.03,66340700,0
2024-11-21,343.81,347.99,335.28,339.64,58011700,0
2024-11-22,341.09,361.53,337.7,352.56,89140700,0
2024-11-25,360.14,361.93,338.2,338.59,95890900,0
2024-11-26,341.0,346.96,335.66,338.23,62295900,0
2024-11-27,341.8,342.55,326.59,332.89,57896400,0
2024-11-29,336.08,345.45,334.65,345.16,37167600,0
2024-12-02,352.38,360.0,351.15,357.09,77986500,0
2024-12-03,351.8,355.69,348.2,351.42,58267200,0
2024-12-04,353.0,358.1,348.6,357.93,50810900,0
2024-12-05,359.87,375.43,359.5,369.49,81403600,0
2024-12-06,377.42,389.49,370.8,389.22,81455800,0
2024-12-09,397.61,404.8,378.01,389.79,96359200,0
2024-12-10,392.68,409.73,390.85,400.99,97563600,0
2024-12-11,409.7,424.88,402.38,424.77,104287600,0
2024-12-12,424.84,429.3,415.0,418.1,87752200,0
2024-12-13,420.0,436.3,415.71,436.23,89000200,0
2024-12-16,441.09,463.19,436.15,463.02,114083800,0
2024-12-17,475.9,483.99,457.51,479.86,131223000,0
2024-12-18,466.5,488.54,427.01,440.13,149340800,0
2024-12-19,451.88,456.36,420.02,436.17,117896400,0
